-- phpMyAdmin SQL Dump
-- version 5.2.1
-- https://www.phpmyadmin.net/
--
-- Host: 127.0.0.1
-- Waktu pembuatan: 20 Jun 2024 pada 08.47
-- Versi server: 10.4.32-MariaDB
-- Versi PHP: 8.2.12

SET SQL_MODE = "NO_AUTO_VALUE_ON_ZERO";
START TRANSACTION;
SET time_zone = "+00:00";


/*!40101 SET @OLD_CHARACTER_SET_CLIENT=@@CHARACTER_SET_CLIENT */;
/*!40101 SET @OLD_CHARACTER_SET_RESULTS=@@CHARACTER_SET_RESULTS */;
/*!40101 SET @OLD_COLLATION_CONNECTION=@@COLLATION_CONNECTION */;
/*!40101 SET NAMES utf8mb4 */;

--
-- Database: `dbprediksi`
--

-- --------------------------------------------------------

--
-- Struktur dari tabel `tb_data`
--

CREATE TABLE `tb_data` (
  `id` int(5) NOT NULL,
  `waktu` varchar(10) NOT NULL,
  `unit` char(8) NOT NULL,
  `id_kategori` int(5) NOT NULL
) ENGINE=InnoDB DEFAULT CHARSET=latin1 COLLATE=latin1_swedish_ci;

--
-- Dumping data untuk tabel `tb_data`
--

INSERT INTO `tb_data` (`id`, `waktu`, `unit`, `id_kategori`) VALUES
(17, '2019-01', '87', 1),
(18, '2019-01', '32', 2),
(19, '2019-01', '17', 3),
(20, '2019-01', '38', 4),
(21, '2019-01', '0', 5),
(22, '2019-02', '86', 1),
(23, '2019-02', '8', 2),
(24, '2019-02', '39', 3),
(25, '2019-02', '30', 4),
(26, '2019-02', '9', 5),
(27, '2019-03', '122', 1),
(28, '2019-03', '21', 2),
(29, '2019-03', '33', 3),
(30, '2019-03', '62', 4),
(31, '2019-03', '6', 5),
(32, '2019-04', '123', 1),
(33, '2019-04', '34', 2),
(34, '2019-04', '22', 3),
(35, '2019-04', '57', 4),
(36, '2019-04', '10', 5),
(37, '2019-05', '89', 1),
(38, '2019-05', '18', 2),
(39, '2019-05', '34', 3),
(40, '2019-05', '36', 4),
(41, '2019-05', '1', 5),
(42, '2019-06', '140', 1),
(43, '2019-06', '18', 2),
(44, '2019-06', '45', 3),
(45, '2019-06', '63', 4),
(46, '2019-06', '14', 5),
(47, '2019-07', '145', 1),
(48, '2019-07', '37', 2),
(49, '2019-07', '33', 3),
(50, '2019-07', '67', 4),
(51, '2019-07', '8', 5),
(52, '2019-08', '130', 1),
(53, '2019-08', '18', 2),
(54, '2019-08', '43', 3),
(55, '2019-08', '49', 4),
(56, '2019-08', '20', 5),
(57, '2019-09', '126', 1),
(58, '2019-09', '17', 2),
(59, '2019-09', '36', 3),
(60, '2019-09', '71', 4),
(61, '2019-09', '2', 5),
(62, '2019-10', '123', 1),
(63, '2019-10', '39', 2),
(64, '2019-10', '12', 3),
(65, '2019-10', '60', 4),
(66, '2019-10', '12', 5),
(67, '2019-11', '79', 1),
(68, '2019-11', '9', 2),
(69, '2019-11', '22', 3),
(70, '2019-11', '44', 4),
(71, '2019-11', '4', 5),
(72, '2019-12', '85', 1),
(73, '2019-12', '21', 2),
(74, '2019-12', '35', 3),
(75, '2019-12', '25', 4),
(76, '2019-12', '4', 5),
(77, '2020-01', '148', 1),
(78, '2020-01', '40', 2),
(79, '2020-01', '36', 3),
(80, '2020-01', '61', 4),
(81, '2020-01', '11', 5),
(82, '2020-02', '72', 1),
(83, '2020-02', '8', 2),
(84, '2020-02', '31', 3),
(85, '2020-02', '29', 4),
(86, '2020-02', '4', 5),
(87, '2020-03', '138', 1),
(88, '2020-03', '23', 2),
(89, '2020-03', '42', 3),
(90, '2020-03', '61', 4),
(91, '2020-03', '12', 5),
(92, '2020-04', '25', 1),
(93, '2020-04', '12', 2),
(94, '2020-04', '6', 3),
(95, '2020-04', '6', 4),
(96, '2020-04', '1', 5),
(97, '2020-05', '56', 1),
(98, '2020-05', '13', 2),
(99, '2020-05', '8', 3),
(100, '2020-05', '32', 4),
(101, '2020-05', '3', 5),
(102, '2020-06', '49', 1),
(103, '2020-06', '2', 2),
(104, '2020-06', '20', 3),
(105, '2020-06', '18', 4),
(106, '2020-06', '9', 5),
(107, '2020-07', '165', 1),
(108, '2020-07', '40', 2),
(109, '2020-07', '45', 3),
(110, '2020-07', '77', 4),
(111, '2020-07', '3', 5),
(112, '2020-08', '81', 1),
(113, '2020-08', '19', 2),
(114, '2020-08', '18', 3),
(115, '2020-08', '42', 4),
(116, '2020-08', '2', 5),
(117, '2020-09', '39', 1),
(118, '2020-09', '1', 2),
(119, '2020-09', '13', 3),
(120, '2020-09', '25', 4),
(121, '2020-09', '0', 5),
(122, '2020-10', '29', 1),
(123, '2020-10', '11', 2),
(124, '2020-10', '9', 3),
(125, '2020-10', '7', 4),
(126, '2020-10', '2', 5),
(127, '2020-11', '15', 1),
(128, '2020-11', '0', 2),
(129, '2020-11', '0', 3),
(130, '2020-11', '13', 4),
(131, '2020-11', '2', 5),
(132, '2020-12', '36', 1),
(133, '2020-12', '8', 2),
(134, '2020-12', '4', 3),
(135, '2020-12', '19', 4),
(136, '2020-12', '5', 5),
(137, '2021-01', '39', 1),
(138, '2021-01', '3', 2),
(139, '2021-01', '9', 3),
(140, '2021-01', '25', 4),
(141, '2021-01', '2', 5),
(142, '2021-02', '105', 1),
(143, '2021-02', '18', 2),
(144, '2021-02', '20', 3),
(145, '2021-02', '63', 4),
(146, '2021-02', '4', 5),
(147, '2021-03', '116', 1),
(148, '2021-03', '1', 2),
(149, '2021-03', '61', 3),
(150, '2021-03', '52', 4),
(151, '2021-03', '2', 5),
(152, '2021-04', '113', 1),
(153, '2021-04', '28', 2),
(154, '2021-04', '26', 3),
(155, '2021-04', '56', 4),
(156, '2021-04', '3', 5),
(157, '2021-05', '151', 1),
(158, '2021-05', '26', 2),
(159, '2021-05', '38', 3),
(160, '2021-05', '79', 4),
(161, '2021-05', '8', 5),
(162, '2021-06', '98', 1),
(163, '2021-06', '6', 2),
(164, '2021-06', '25', 3),
(165, '2021-06', '58', 4),
(166, '2021-06', '9', 5),
(167, '2021-07', '83', 1),
(168, '2021-07', '34', 2),
(169, '2021-07', '16', 3),
(170, '2021-07', '30', 4),
(171, '2021-07', '3', 5),
(172, '2021-08', '92', 1),
(173, '2021-08', '16', 2),
(174, '2021-08', '30', 3),
(175, '2021-08', '45', 4),
(176, '2021-08', '1', 5),
(177, '2021-09', '59', 1),
(178, '2021-09', '22', 2),
(179, '2021-09', '18', 3),
(180, '2021-09', '18', 4),
(181, '2021-09', '1', 5),
(182, '2021-10', '119', 1),
(183, '2021-10', '28', 2),
(184, '2021-10', '36', 3),
(185, '2021-10', '43', 4),
(186, '2021-10', '12', 5),
(187, '2021-11', '124', 1),
(188, '2021-11', '32', 2),
(189, '2021-11', '14', 3),
(190, '2021-11', '78', 4),
(191, '2021-11', '0', 5),
(192, '2021-12', '113', 1),
(193, '2021-12', '24', 2),
(194, '2021-12', '41', 3),
(195, '2021-12', '39', 4),
(196, '2021-12', '9', 5),
(197, '2022-01', '173', 1),
(198, '2022-01', '50', 2),
(199, '2022-01', '45', 3),
(200, '2022-01', '66', 4),
(201, '2022-01', '12', 5),
(202, '2022-02', '106', 1),
(203, '2022-02', '18', 2),
(204, '2022-02', '39', 3),
(205, '2022-02', '44', 4),
(206, '2022-02', '5', 5),
(207, '2022-03', '161', 1),
(208, '2022-03', '48', 2),
(209, '2022-03', '42', 3),
(210, '2022-03', '63', 4),
(211, '2022-03', '8', 5),
(212, '2022-04', '120', 1),
(213, '2022-04', '24', 2),
(214, '2022-04', '38', 3),
(215, '2022-04', '56', 4),
(216, '2022-04', '2', 5),
(217, '2022-05', '146', 1),
(218, '2022-05', '42', 2),
(219, '2022-05', '41', 3),
(220, '2022-05', '57', 4),
(221, '2022-05', '6', 5),
(222, '2022-06', '126', 1),
(223, '2022-06', '22', 2),
(224, '2022-06', '27', 3),
(225, '2022-06', '73', 4),
(226, '2022-06', '4', 5),
(227, '2022-07', '137', 1),
(228, '2022-07', '31', 2),
(229, '2022-07', '43', 3),
(230, '2022-07', '57', 4),
(231, '2022-07', '6', 5),
(232, '2022-08', '136', 1),
(233, '2022-08', '20', 2),
(234, '2022-08', '42', 3),
(235, '2022-08', '67', 4),
(236, '2022-08', '7', 5),
(237, '2022-09', '197', 1),
(238, '2022-09', '65', 2),
(239, '2022-09', '67', 3),
(240, '2022-09', '56', 4),
(241, '2022-09', '9', 5),
(242, '2022-10', '155', 1),
(243, '2022-10', '37', 2),
(244, '2022-10', '54', 3),
(245, '2022-10', '46', 4),
(246, '2022-10', '18', 5),
(247, '2022-11', '205', 1),
(248, '2022-11', '54', 2),
(249, '2022-11', '49', 3),
(250, '2022-11', '98', 4),
(251, '2022-11', '4', 5),
(252, '2022-12', '104', 1),
(253, '2022-12', '25', 2),
(254, '2022-12', '27', 3),
(255, '2022-12', '47', 4),
(256, '2022-12', '5', 5),
(257, '2023-01', '233', 1),
(258, '2023-01', '56', 2),
(259, '2023-01', '75', 3),
(260, '2023-01', '81', 4),
(261, '2023-01', '21', 5),
(262, '2023-02', '185', 1),
(263, '2023-02', '59', 2),
(264, '2023-02', '39', 3),
(265, '2023-02', '74', 4),
(266, '2023-02', '13', 5),
(267, '2023-03', '191', 1),
(268, '2023-03', '43', 2),
(269, '2023-03', '46', 3),
(270, '2023-03', '87', 4),
(271, '2023-03', '15', 5),
(272, '2023-04', '196', 1),
(273, '2023-04', '51', 2),
(274, '2023-04', '63', 3),
(275, '2023-04', '75', 4),
(276, '2023-04', '7', 5),
(277, '2023-05', '211', 1),
(278, '2023-05', '74', 2),
(279, '2023-05', '57', 3),
(280, '2023-05', '69', 4),
(281, '2023-05', '11', 5),
(282, '2023-06', '235', 1),
(283, '2023-06', '45', 2),
(284, '2023-06', '79', 3),
(285, '2023-06', '101', 4),
(286, '2023-06', '10', 5),
(287, '2023-07', '192', 1),
(288, '2023-07', '28', 2),
(289, '2023-07', '56', 3),
(290, '2023-07', '88', 4),
(291, '2023-07', '20', 5),
(292, '2023-08', '146', 1),
(293, '2023-08', '23', 2),
(294, '2023-08', '51', 3),
(295, '2023-08', '61', 4),
(296, '2023-08', '11', 5),
(297, '2023-09', '141', 1),
(298, '2023-09', '29', 2),
(299, '2023-09', '35', 3),
(300, '2023-09', '63', 4),
(301, '2023-09', '14', 5),
(302, '2023-10', '152', 1),
(303, '2023-10', '36', 2),
(304, '2023-10', '39', 3),
(305, '2023-10', '70', 4),
(306, '2023-10', '7', 5),
(307, '2023-11', '142', 1),
(308, '2023-11', '36', 2),
(309, '2023-11', '39', 3),
(310, '2023-11', '57', 4),
(311, '2023-11', '10', 5),
(312, '2023-12', '115', 1),
(313, '2023-12', '27', 2),
(314, '2023-12', '28', 3),
(315, '2023-12', '48', 4),
(316, '2023-12', '12', 5),
(317, '', '', 2);

-- --------------------------------------------------------

--
-- Struktur dari tabel `tb_goldarah`
--

CREATE TABLE `tb_goldarah` (
  `id_kategori` int(5) NOT NULL,
  `golongan` varchar(30) NOT NULL
) ENGINE=InnoDB DEFAULT CHARSET=latin1 COLLATE=latin1_swedish_ci;

--
-- Dumping data untuk tabel `tb_goldarah`
--

INSERT INTO `tb_goldarah` (`id_kategori`, `golongan`) VALUES
(1, 'TOTAL'),
(2, 'A'),
(3, 'B'),
(4, 'AB'),
(5, 'O');

-- --------------------------------------------------------

--
-- Struktur dari tabel `tb_grafik`
--

CREATE TABLE `tb_grafik` (
  `id` int(5) NOT NULL,
  `nama` varchar(10) NOT NULL,
  `waktu` text NOT NULL,
  `aktual` text NOT NULL,
  `prediksi` text NOT NULL,
  `mape` text NOT NULL,
  `avg_mape` text NOT NULL,
  `level` text NOT NULL,
  `trend` text NOT NULL,
  `seasonal` text NOT NULL,
  `mae` text NOT NULL,
  `avg_mae` text NOT NULL,
  `future_forecast` text NOT NULL
) ENGINE=InnoDB DEFAULT CHARSET=latin1 COLLATE=latin1_swedish_ci;

--
-- Dumping data untuk tabel `tb_grafik`
--

INSERT INTO `tb_grafik` (`id`, `nama`, `waktu`, `aktual`, `prediksi`, `mape`, `avg_mape`, `level`, `trend`, `seasonal`, `mae`, `avg_mae`, `future_forecast`) VALUES
(1, 'ete', '[\"2019-01\",\"2019-02\",\"2019-02\",\"2019-04\",\"2019-05\",\"2019-06\",\"2019-07\",\"2019-08\",\"2019-09\",\"2019-10\",\"2019-11\",\"2019-12\"]', '[\"87\",\"86\",\"122\",\"123\",\"89\",\"140\",\"145\",\"130\",\"126\",\"123\",\"79\",\"85\"]', '[0,0,0,0,110,99,131,154,151,140,128,85,67,48,30,12,-6,-25,-43,-61,-79,-98]', '[\"8.3%\",\"8.3%\",\"8.3%\",\"8.3%\",\"2%\",\"2.4%\",\"0.8%\",\"1.5%\",\"1.7%\",\"1.2%\",\"5.2%\",\"0%\"]', '4', '[0,0,0,104.5,99.44,119.28,137.91,141.86,138.27,131.3,103.32,85.04]', '[0,0,0,5.38,-0.89,11.55,15.8,8.69,1.32,-3.65,-18.25,-18.27]', '', '[87,86,122,123,21,41,14,24,25,17,49,0]', '50.75', '[67,48,30,12,-6,-25,-43,-61,-79,-98]'),
(2, '', '[\"2019-01\",\"2019-02\",\"2019-02\",\"2019-04\",\"2019-05\",\"2019-06\",\"2019-07\",\"2019-08\",\"2019-09\",\"2019-10\",\"2019-11\",\"2019-12\"]', '[\"87\",\"86\",\"122\",\"123\",\"89\",\"140\",\"145\",\"130\",\"126\",\"123\",\"79\",\"85\"]', '[0,0,0,0,110,108,123,137,142,143,142,124,111,110,108]', '[\"8.3%\",\"8.3%\",\"8.3%\",\"8.3%\",\"2%\",\"1.9%\",\"1.3%\",\"0.4%\",\"1.1%\",\"1.4%\",\"6.6%\",\"3.8%\"]', '4.32', '[0,0,0,104.5,103.61,117.41,129.93,135.1,137.21,137.11,123,112.28]', '[0,0,0,5.38,4.12,6.06,7.35,6.91,5.95,4.74,0.97,-1.37]', '', '[87,86,122,123,21,32,22,7,16,20,63,39]', '53.17', '[111,110,108]'),
(3, 'doubleee', '[\"2019-01\",\"2019-02\",\"2019-02\",\"2019-04\",\"2019-05\",\"2019-06\",\"2019-07\",\"2019-08\",\"2019-09\",\"2019-10\",\"2019-11\",\"2019-12\"]', '[\"87\",\"86\",\"122\",\"123\",\"89\",\"140\",\"145\",\"130\",\"126\",\"123\",\"79\",\"85\"]', '[0,0,0,0,110,100,130,152,149,140,130,90,72,56,41]', '[\"8.3%\",\"8.3%\",\"8.3%\",\"8.3%\",\"2%\",\"2.4%\",\"0.9%\",\"1.4%\",\"1.5%\",\"1.2%\",\"5.4%\",\"0.5%\"]', '4.04', '[0,0,0,104.5,99.44,119.8,137.53,140.76,137.69,131.73,104.57,87.59]', '[0,0,0,5.38,0.16,10.26,13.99,8.61,2.77,-1.59,-14.38,-15.68]', '', '[87,86,122,123,21,40,15,22,23,17,51,5]', '51', '[72,56,41]'),
(4, 'wrqwq', '[\"2019-01\",\"2019-02\",\"2019-03\",\"2019-04\",\"2019-05\",\"2019-06\",\"2019-07\",\"2019-08\",\"2019-09\",\"2019-10\",\"2019-11\",\"2019-12\",\"2020-01\",\"2020-02\",\"2020-03\",\"2020-04\",\"2020-05\",\"2020-06\",\"2020-07\",\"2020-08\",\"2020-09\",\"2020-10\",\"2020-11\",\"2020-12\",\"2021-01\",\"2021-02\",\"2021-03\",\"2021-04\",\"2021-05\",\"2021-06\",\"2021-07\",\"2021-08\",\"2021-09\",\"2021-10\",\"2021-11\",\"2021-12\",\"2022-01\",\"2022-02\",\"2022-03\",\"2022-04\",\"2022-05\",\"2022-06\",\"2022-07\",\"2022-08\",\"2022-09\",\"2022-10\",\"2022-11\",\"2022-12\",\"2023-01\",\"2023-02\",\"2023-03\",\"2023-04\",\"2023-05\",\"2023-06\",\"2023-07\",\"2023-08\",\"2023-09\",\"2023-10\",\"2023-11\",\"2023-12\"]', '[\"87\",\"86\",\"122\",\"123\",\"89\",\"140\",\"145\",\"130\",\"126\",\"123\",\"79\",\"85\",\"148\",\"72\",\"138\",\"25\",\"56\",\"49\",\"165\",\"81\",\"39\",\"29\",\"15\",\"36\",\"39\",\"105\",\"116\",\"113\",\"151\",\"98\",\"83\",\"92\",\"59\",\"119\",\"124\",\"113\",\"173\",\"106\",\"161\",\"120\",\"146\",\"126\",\"137\",\"136\",\"197\",\"155\",\"205\",\"104\",\"233\",\"185\",\"191\",\"196\",\"211\",\"235\",\"192\",\"146\",\"141\",\"152\",\"142\",\"115\"]', '[0,0,0,0,110,100,130,152,149,140,130,90,72,113,86,118,54,38,30,117,110,67,32,3,7,19,79,124,142,173,143,105,88,55,85,112,120,168,142,162,141,144,132,132,133,180,176,206,145,201,201,202,203,213,236,215,164,130,124,121,104,90,77]', '[\"1.7%\",\"1.7%\",\"1.7%\",\"1.7%\",\"0.4%\",\"0.5%\",\"0.2%\",\"0.3%\",\"0.3%\",\"0.2%\",\"1.1%\",\"0.1%\",\"0.9%\",\"0.9%\",\"0.6%\",\"6.2%\",\"0.1%\",\"0.4%\",\"1.4%\",\"0.7%\",\"3%\",\"2.2%\",\"1.9%\",\"1.5%\",\"1.4%\",\"1.4%\",\"0.5%\",\"0.2%\",\"0.1%\",\"1.3%\",\"1.2%\",\"0.2%\",\"0.8%\",\"0.9%\",\"0.5%\",\"0%\",\"0.5%\",\"1%\",\"0.2%\",\"0.6%\",\"0.1%\",\"0.2%\",\"0.1%\",\"0%\",\"0.5%\",\"0.3%\",\"0.2%\",\"1.6%\",\"0.6%\",\"0.1%\",\"0.1%\",\"0.1%\",\"0.1%\",\"0.2%\",\"0.4%\",\"0.8%\",\"0.3%\",\"0.2%\",\"0.2%\",\"0.1%\"]', '0.77', '[0,0,0,104.5,99.44,119.8,137.53,140.76,137.69,131.73,104.57,87.59,109.96,92.65,111.84,71.47,55.17,43.73,97.32,99.04,74.39,48.22,23.33,19.3,22.96,61.8,97.52,118.5,146.62,135.27,112.78,98.59,73.35,87.14,104.5,112.56,146.69,136.84,151.7,140.96,143.35,135.2,134.33,134.06,164.91,167.36,190.49,155.19,189.24,193.2,196.13,198.82,206.95,224.03,213.82,180.25,152.41,141.13,133.21,117.95]', '[0,0,0,5.38,0.16,10.26,13.99,8.61,2.77,-1.59,-14.38,-15.68,3.34,-6.98,6.1,-17.13,-16.72,-14.08,19.76,10.74,-6.96,-16.56,-20.73,-12.38,-4.36,17.24,26.48,23.73,25.92,7.29,-7.6,-10.9,-18.07,-2.14,7.61,7.83,20.99,5.57,10.21,-0.27,1.06,-3.54,-2.21,-1.24,14.81,8.63,15.88,-9.71,12.17,8.07,5.5,4.09,6.11,11.6,0.69,-16.44,-22.14,-16.71,-12.31,-13.79]', '', '[87,86,122,123,21,40,15,22,23,17,51,5,76,41,52,93,2,11,135,36,71,38,17,33,32,86,37,11,9,75,60,13,29,64,39,1,53,62,19,42,5,18,5,4,64,25,29,102,88,16,10,6,8,22,44,69,23,22,18,6]', '40.55', '[104,90,77]'),
(5, 'gamma', '[\"2019-01\",\"2019-02\",\"2019-03\",\"2019-04\",\"2019-05\",\"2019-06\",\"2019-07\",\"2019-08\",\"2019-09\",\"2019-10\",\"2019-11\",\"2019-12\",\"2020-01\",\"2020-02\",\"2020-03\",\"2020-04\",\"2020-05\",\"2020-06\",\"2020-07\",\"2020-08\",\"2020-09\",\"2020-10\",\"2020-11\",\"2020-12\",\"2021-01\",\"2021-02\",\"2021-03\",\"2021-04\",\"2021-05\",\"2021-06\",\"2021-07\",\"2021-08\",\"2021-09\",\"2021-10\",\"2021-11\",\"2021-12\",\"2022-01\",\"2022-02\",\"2022-03\",\"2022-04\",\"2022-05\",\"2022-06\",\"2022-07\",\"2022-08\",\"2022-09\",\"2022-10\",\"2022-11\",\"2022-12\",\"2023-01\",\"2023-02\",\"2023-03\",\"2023-04\",\"2023-05\",\"2023-06\",\"2023-07\",\"2023-08\",\"2023-09\",\"2023-10\",\"2023-11\",\"2023-12\"]', '[\"87\",\"86\",\"122\",\"123\",\"89\",\"140\",\"145\",\"130\",\"126\",\"123\",\"79\",\"85\",\"148\",\"72\",\"138\",\"25\",\"56\",\"49\",\"165\",\"81\",\"39\",\"29\",\"15\",\"36\",\"39\",\"105\",\"116\",\"113\",\"151\",\"98\",\"83\",\"92\",\"59\",\"119\",\"124\",\"113\",\"173\",\"106\",\"161\",\"120\",\"146\",\"126\",\"137\",\"136\",\"197\",\"155\",\"205\",\"104\",\"233\",\"185\",\"191\",\"196\",\"211\",\"235\",\"192\",\"146\",\"141\",\"152\",\"142\",\"115\"]', '[0,0,0,0,91,94,157,165,116,145,171,145,104,120,102,112,100,63,68,48,78,58,99,34,25,20,59,64,85,151,164,127,132,109,111,106,99,153,148,142,156,139,165,132,154,145,173,166,196,168,211,148,263,203,239,192,242,197,173,127,141,132,121]', '[\"1.7%\",\"1.7%\",\"1.7%\",\"1.7%\",\"0%\",\"0.5%\",\"0.1%\",\"0.4%\",\"0.1%\",\"0.3%\",\"1.9%\",\"1.2%\",\"0.5%\",\"1.1%\",\"0.4%\",\"5.8%\",\"1.3%\",\"0.5%\",\"1%\",\"0.7%\",\"1.7%\",\"1.7%\",\"9.3%\",\"0.1%\",\"0.6%\",\"1.3%\",\"0.8%\",\"0.7%\",\"0.7%\",\"0.9%\",\"1.6%\",\"0.6%\",\"2.1%\",\"0.1%\",\"0.2%\",\"0.1%\",\"0.7%\",\"0.7%\",\"0.1%\",\"0.3%\",\"0.1%\",\"0.2%\",\"0.3%\",\"0%\",\"0.4%\",\"0.1%\",\"0.3%\",\"1%\",\"0.3%\",\"0.2%\",\"0.2%\",\"0.4%\",\"0.4%\",\"0.2%\",\"0.4%\",\"0.5%\",\"1.2%\",\"0.5%\",\"0.4%\",\"0.2%\"]', '0.9063382347960891', '[null,null,null,104.5,109.28045977011494,125.60493397487303,132.15210216484593,134.16202672714408,142.85958836808223,145.2173002029815,134.56898960644546,124.05218511277111,131.81726953609262,121.68274035716233,127.2757526195395,107.32831671997678,92.28824345641038,79.85180926542547,89.91374211525448,97.93844003534896,87.87013720813506,76.2028459436035,58.4787594187194,49.706198576516066,44.98702952599781,69.25143518776297,84.78272835673819,104.4806745118953,132.2280607357535,137.2148551930929,134.67184715883,134.55011656798854,124.49934618116725,127.61770745882869,132.1967391297591,136.32346698857407,160.2450262087769,159.11366486591353,168.04911145314537,169.67373548652023,172.69126856976325,174.04537667398526,171.69745414102815,174.72459853161737,186.85164029420727,194.76101859932606,208.1238310103226,200.14211962674952,211.23648959956813,221.28562682644116,223.96232865300342,244.5999916316291,244.69274299399513,259.8320021492498,258.7282890956135,252.4728121601648,233.79964930032503,219.55657520559913,204.93363465027664,191.91378945230184]', '[null,null,null,5.375,5.196637931034483,8.534988813151564,7.938642626197963,6.16002720702802,6.921287537201058,5.552214826510523,0.6920571995965514,-2.670601308384717,0.4601044111271517,-2.7182856658900816,-0.22489628740990542,-6.14165817105575,-8.811182698808944,-9.898758146461734,-3.910550847574512,-0.3299762172738139,-3.251474200255839,-5.776219319538554,-9.36057948114222,-9.184173889460553,-7.844672437777863,1.7880509920850418,5.911023645152096,10.047100398153601,15.35718614586498,12.2460686393073,7.809345637236239,5.430022768812932,0.7857848221226664,1.485557758784297,2.413599932428129,2.9275383103441825,9.225744583301774,6.118612805452234,6.963662939986115,5.361951268002738,4.658625812574823,3.667270500068978,1.8627125901611503,2.2120421302895736,5.186542019979671,6.003392905521407,8.211218757163941,3.353339714942837,5.675648792305569,6.9876953226758065,5.694397273841744,10.177376985276926,7.151989298403652,9.54817025545895,6.35260526273038,2.5701806032766603,-3.8028224356582707,-6.934897933378559,-9.241310719961737,-10.374871063365656]', '[0.8325358851674641,0.8229665071770335,1.167464114832536,1.1770334928229664,0.8234770638997595,0.9687862016877,1.1323423240131916,1.0730055513711432,0.8527309827868408,0.9078963605383676,0.8597008980588614,0.8791005296982468,0.9877486869369922,0.7497995055625907,0.9719804194273197,0.5560153355966031,0.7972716013567662,0.6817180982312099,1.4035362717410718,0.6915327350281075,0.620554197753501,0.5311406563239658,0.8300198305807216,0.7078942412095528,0.7437353690817444,1.0236773602784375,1.0991115138607068,0.8947169832033125,0.9428508750973783,0.8689428721820243,0.8577122192907123,0.789238537292706,0.7083744730646877,0.9007076754404422,0.8978540623039557,0.8090746903584163,0.8939855818944181,0.7834490501563344,0.9279536639256037,0.7581571899239283,0.869712483752695,0.7536990928830278,0.8629344073251934,0.7682624910559936,0.9620124383373837,0.7747731173766075,0.9239624623863139,0.6439466212069205,1.0325207809796935,0.8053983443003427,0.8883922288568005,0.7226274535013444,0.9474133487228134,0.8549144459735512,0.815241740461675,0.650453770684155,0.7752469042590141,0.7736094615559526,0.7540744922590756,0.624840582534436,0.6872371493218655,0.6864184279703347,0.6766509433218963]', '[87,86,122,123,2,46,12,35,10,22,92,60,44,48,36,87,44,14,97,33,39,29,84,2,14,85,57,49,66,53,81,35,73,10,13,7,74,47,13,22,10,13,28,4,43,10,32,62,37,17,20,48,52,32,47,46,101,45,31,12]', '44.05', '[141,132,121]'),
(6, 'linear', '[\"2019-01\",\"2019-02\",\"2019-03\",\"2019-04\",\"2019-05\",\"2019-06\",\"2019-07\",\"2019-08\",\"2019-09\",\"2019-10\",\"2019-11\",\"2019-12\",\"2020-01\",\"2020-02\",\"2020-03\",\"2020-04\",\"2020-05\",\"2020-06\",\"2020-07\",\"2020-08\",\"2020-09\",\"2020-10\",\"2020-11\",\"2020-12\",\"2021-01\",\"2021-02\",\"2021-03\",\"2021-04\",\"2021-05\",\"2021-06\",\"2021-07\",\"2021-08\",\"2021-09\",\"2021-10\",\"2021-11\",\"2021-12\",\"2022-01\",\"2022-02\",\"2022-03\",\"2022-04\",\"2022-05\",\"2022-06\",\"2022-07\",\"2022-08\",\"2022-09\",\"2022-10\",\"2022-11\",\"2022-12\",\"2023-01\",\"2023-02\",\"2023-03\",\"2023-04\",\"2023-05\",\"2023-06\",\"2023-07\",\"2023-08\",\"2023-09\",\"2023-10\",\"2023-11\",\"2023-12\"]', '[\"87\",\"86\",\"122\",\"123\",\"89\",\"140\",\"145\",\"130\",\"126\",\"123\",\"79\",\"85\",\"148\",\"72\",\"138\",\"25\",\"56\",\"49\",\"165\",\"81\",\"39\",\"29\",\"15\",\"36\",\"39\",\"105\",\"116\",\"113\",\"151\",\"98\",\"83\",\"92\",\"59\",\"119\",\"124\",\"113\",\"173\",\"106\",\"161\",\"120\",\"146\",\"126\",\"137\",\"136\",\"197\",\"155\",\"205\",\"104\",\"233\",\"185\",\"191\",\"196\",\"211\",\"235\",\"192\",\"146\",\"141\",\"152\",\"142\",\"115\"]', '[75,77,78,80,81,83,85,86,88,89,91,93,94,96,97,99,100,102,104,105,107,108,110,111,113,115,116,118,119,121,123,124,126,127,129,130,132,134,135,137,138,140,141,143,145,146,148,149,151,153,154,156,157,159,160,162,164,165,167,168,170,172,173]', '[\"13.8%\",\"10.5%\",\"36.1%\",\"35%\",\"9%\",\"40.7%\",\"41.4%\",\"33.8%\",\"30.2%\",\"27.6%\",\"15.2%\",\"9.4%\",\"36.5%\",\"33.3%\",\"29.7%\",\"296%\",\"78.6%\",\"108.2%\",\"37%\",\"29.6%\",\"174.4%\",\"272.4%\",\"633.3%\",\"208.3%\",\"189.7%\",\"9.5%\",\"0%\",\"4.4%\",\"21.2%\",\"23.5%\",\"48.2%\",\"34.8%\",\"113.6%\",\"6.7%\",\"4%\",\"15%\",\"23.7%\",\"26.4%\",\"16.1%\",\"14.2%\",\"5.5%\",\"11.1%\",\"2.9%\",\"5.1%\",\"26.4%\",\"5.8%\",\"27.8%\",\"43.3%\",\"35.2%\",\"17.3%\",\"19.4%\",\"20.4%\",\"25.6%\",\"32.3%\",\"16.7%\",\"11%\",\"16.3%\",\"8.6%\",\"17.6%\",\"46.1%\"]', '53.09', '', '', '', '[12,9,44,43,8,57,60,44,38,34,12,8,54,24,41,74,44,53,61,24,68,79,95,75,74,10,0,5,32,23,40,32,67,8,5,17,41,28,26,17,8,14,4,7,52,9,57,45,82,32,37,40,54,76,32,16,23,13,25,53]', '36.083333333333', '[170,172,173]');

-- --------------------------------------------------------

--
-- Struktur dari tabel `tb_user`
--

CREATE TABLE `tb_user` (
  `id` int(5) NOT NULL,
  `nama` varchar(50) NOT NULL,
  `username` varchar(30) NOT NULL,
  `password` varchar(200) NOT NULL
) ENGINE=InnoDB DEFAULT CHARSET=latin1 COLLATE=latin1_swedish_ci;

--
-- Dumping data untuk tabel `tb_user`
--

INSERT INTO `tb_user` (`id`, `nama`, `username`, `password`) VALUES
(1, 'admin', 'admin', '21232f297a57a5a743894a0e4a801fc3');

--
-- Indexes for dumped tables
--

--
-- Indeks untuk tabel `tb_data`
--
ALTER TABLE `tb_data`
  ADD PRIMARY KEY (`id`);

--
-- Indeks untuk tabel `tb_goldarah`
--
ALTER TABLE `tb_goldarah`
  ADD PRIMARY KEY (`id_kategori`);

--
-- Indeks untuk tabel `tb_grafik`
--
ALTER TABLE `tb_grafik`
  ADD PRIMARY KEY (`id`);

--
-- Indeks untuk tabel `tb_user`
--
ALTER TABLE `tb_user`
  ADD PRIMARY KEY (`id`);

--
-- AUTO_INCREMENT untuk tabel yang dibuang
--

--
-- AUTO_INCREMENT untuk tabel `tb_data`
--
ALTER TABLE `tb_data`
  MODIFY `id` int(5) NOT NULL AUTO_INCREMENT, AUTO_INCREMENT=318;

--
-- AUTO_INCREMENT untuk tabel `tb_grafik`
--
ALTER TABLE `tb_grafik`
  MODIFY `id` int(5) NOT NULL AUTO_INCREMENT, AUTO_INCREMENT=7;

--
-- AUTO_INCREMENT untuk tabel `tb_user`
--
ALTER TABLE `tb_user`
  MODIFY `id` int(5) NOT NULL AUTO_INCREMENT, AUTO_INCREMENT=2;
COMMIT;

/*!40101 SET CHARACTER_SET_CLIENT=@OLD_CHARACTER_SET_CLIENT */;
/*!40101 SET CHARACTER_SET_RESULTS=@OLD_CHARACTER_SET_RESULTS */;
/*!40101 SET COLLATION_CONNECTION=@OLD_COLLATION_CONNECTION */;
